filename	id	split	dataset
84113133_8624314215.jpg	1091.0	test	brandenburg
85001381_5684151343.jpg	1112.0	test	brandenburg
86628129_857813368.jpg	1129.0	test	brandenburg
87789955_4151176666.jpg	1142.0	test	brandenburg
88312545_2361506957.jpg	1150.0	test	brandenburg
88658044_5727130447.jpg	1158.0	test	brandenburg
88909760_6880126015.jpg	1164.0	test	brandenburg
90146413_6880121203.jpg	1195.0	test	brandenburg
92068036_76585881.jpg	1225.0	test	brandenburg
93193760_2911911756.jpg	1246.0	test	brandenburg
00315862_6836283050.jpg	2.0	train	brandenburg
00436870_59297810.jpg	3.0	train	brandenburg
00609395_7226852998.jpg	5.0	train	brandenburg
00787747_3221432213.jpg	7.0	train	brandenburg
00880621_5104022828.jpg	57.0	train	brandenburg
00883281_9633489441.jpg	9.0	train	brandenburg
01069771_8567470929.jpg	11.0	train	brandenburg
01473103_2691761403.jpg	13.0	train	brandenburg
01546257_302490568.jpg		train	brandenburg
01587180_6880119979.jpg	15.0	train	brandenburg
01606261_5217160071.jpg	16.0	train	brandenburg
01677427_4801156058.jpg	17.0	train	brandenburg
01738801_5114523193.jpg	18.0	train	brandenburg
01911720_4970488279.jpg	19.0	train	brandenburg
02035158_8518636650.jpg	20.0	train	brandenburg
02368960_3585648661.jpg	22.0	train	brandenburg
02516180_10994677186.jpg	26.0	train	brandenburg
02527216_3379040375.jpg	27.0	train	brandenburg
02566955_9377454362.jpg	28.0	train	brandenburg
02749394_3866382383.jpg	29.0	train	brandenburg
03028144_6880112453.jpg	31.0	train	brandenburg
03034452_4601940001.jpg	32.0	train	brandenburg
03058406_6979024134.jpg	33.0	train	brandenburg
03154363_5457548277.jpg	35.0	train	brandenburg
03234383_10253641595.jpg	36.0	train	brandenburg
03468593_10179627825.jpg	39.0	train	brandenburg
03512314_2967866126.jpg		train	brandenburg
03528982_4163624176.jpg	41.0	train	brandenburg
03683934_363624591.jpg	43.0	train	brandenburg
03829260_438904431.jpg	45.0	train	brandenburg
04015833_4640057700.jpg	49.0	train	brandenburg
04065134_2407408396.jpg	50.0	train	brandenburg
04191810_9440439323.jpg	51.0	train	brandenburg
04257679_3822738446.jpg	52.0	train	brandenburg
04371528_389640014.jpg	53.0	train	brandenburg
04729261_2862939197.jpg	60.0	train	brandenburg
04800984_8342094434.jpg	62.0	train	brandenburg
04973003_12725180485.jpg	69.0	train	brandenburg
05103925_5229366243.jpg	70.0	train	brandenburg
05139478_628758945.jpg	71.0	train	brandenburg
05268436_9257818477.jpg	72.0	train	brandenburg
05714706_2362913557.jpg	78.0	train	brandenburg
05755941_130365389.jpg	79.0	train	brandenburg
06832993_8178963703.jpg	85.0	train	brandenburg
06863689_7353555136.jpg	86.0	train	brandenburg
06935805_2163586273.jpg	87.0	train	brandenburg
07205286_7190553934.jpg	89.0	train	brandenburg
07304456_3400569249.jpg	91.0	train	brandenburg
07457740_6371609803.jpg	94.0	train	brandenburg
07675618_362409609.jpg		train	brandenburg
07732565_7122196567.jpg		train	brandenburg
07755957_8373215161.jpg		train	brandenburg
08158971_2821952368.jpg	102.0	train	brandenburg
08468928_1469537330.jpg	105.0	train	brandenburg
08507139_7168341023.jpg	106.0	train	brandenburg
08814095_3507579332.jpg	108.0	train	brandenburg
08893808_219208793.jpg		train	brandenburg
08938701_6239417031.jpg	110.0	train	brandenburg
09234134_4947371805.jpg	112.0	train	brandenburg
09237518_3859534957.jpg	113.0	train	brandenburg
09390945_765838744.jpg	114.0	train	brandenburg
09800472_24028435.jpg		train	brandenburg
09870003_7184351941.jpg	118.0	train	brandenburg
10039241_8387996514.jpg	119.0	train	brandenburg
10159510_2169745289.jpg		train	brandenburg
10188729_361497606.jpg	121.0	train	brandenburg
10367240_8631473700.jpg	123.0	train	brandenburg
10502455_6696542067.jpg	125.0	train	brandenburg
10605892_4176363979.jpg	126.0	train	brandenburg
10670813_227462525.jpg	128.0	train	brandenburg
10696534_13203812984.jpg	129.0	train	brandenburg
10785738_7159630461.jpg	131.0	train	brandenburg
10896796_2169745391.jpg	133.0	train	brandenburg
11025595_6187208518.jpg	134.0	train	brandenburg
11191187_3428078800.jpg	136.0	train	brandenburg
11222841_4278491959.jpg	137.0	train	brandenburg
11307768_1842869003.jpg	138.0	train	brandenburg
11368086_2414129400.jpg	139.0	train	brandenburg
11678006_9617140377.jpg	140.0	train	brandenburg
12166865_10030996966.jpg	144.0	train	brandenburg
12370352_599295800.jpg		train	brandenburg
12456110_2214467942.jpg	148.0	train	brandenburg
12475797_4025624289.jpg		train	brandenburg
12511149_9826188564.jpg	150.0	train	brandenburg
12702351_7582944350.jpg	152.0	train	brandenburg
13302063_9725766996.jpg	155.0	train	brandenburg
13537535_4226240074.jpg		train	brandenburg
13587529_2568700427.jpg	157.0	train	brandenburg
14004928_4684311801.jpg	160.0	train	brandenburg
14647678_3504381178.jpg		train	brandenburg
14932525_2597278914.jpg	164.0	train	brandenburg
15080601_1551250100.jpg	166.0	train	brandenburg
15234350_309538824.jpg	167.0	train	brandenburg
16090290_306696955.jpg	170.0	train	brandenburg
16117526_8247405609.jpg	171.0	train	brandenburg
16127153_9315984049.jpg	172.0	train	brandenburg
16342642_9872875713.jpg	174.0	train	brandenburg
16697557_205617010.jpg	178.0	train	brandenburg
16801854_4715273098.jpg		train	brandenburg
17026968_1935235050.jpg	183.0	train	brandenburg
17262282_1141017004.jpg	185.0	train	brandenburg
17284860_5151957843.jpg	186.0	train	brandenburg
17366841_8648389068.jpg	188.0	train	brandenburg
17956239_927188867.jpg	191.0	train	brandenburg
17996728_9257856097.jpg	192.0	train	brandenburg
18348543_5140101294.jpg	195.0	train	brandenburg
18350037_3577554432.jpg	196.0	train	brandenburg
18377766_8972424613.jpg	197.0	train	brandenburg
18566287_7030263453.jpg	199.0	train	brandenburg
18567313_555178282.jpg	200.0	train	brandenburg
18631103_2784294103.jpg	201.0	train	brandenburg
18708947_6025100465.jpg	203.0	train	brandenburg
18942456_7042723263.jpg	205.0	train	brandenburg
19356686_6880121553.jpg	210.0	train	brandenburg
20050853_9360512514.jpg	213.0	train	brandenburg
20133057_3035445116.jpg	214.0	train	brandenburg
20366299_2271189237.jpg	216.0	train	brandenburg
20516163_2396433020.jpg	219.0	train	brandenburg
20571715_4989051603.jpg	220.0	train	brandenburg
20580890_6015148266.jpg		train	brandenburg
20697021_204782981.jpg	222.0	train	brandenburg
20778168_9208966647.jpg	223.0	train	brandenburg
20866353_4374897263.jpg	224.0	train	brandenburg
21060388_345283715.jpg	225.0	train	brandenburg
21124063_54285471.jpg	226.0	train	brandenburg
21150269_8706190228.jpg	227.0	train	brandenburg
21335496_3428048334.jpg	230.0	train	brandenburg
21828843_3472565197.jpg	234.0	train	brandenburg
21889998_4592757315.jpg	236.0	train	brandenburg
21933369_2292837649.jpg	239.0	train	brandenburg
22057023_11580558853.jpg	240.0	train	brandenburg
22057693_3525392003.jpg	241.0	train	brandenburg
22103179_3596537684.jpg	243.0	train	brandenburg
22246445_5595095447.jpg	248.0	train	brandenburg
22263130_4440925691.jpg	249.0	train	brandenburg
22273088_2169554732.jpg	250.0	train	brandenburg
22322187_5925433916.jpg		train	brandenburg
22465257_94852237.jpg	252.0	train	brandenburg
22522580_3798990626.jpg	253.0	train	brandenburg
22546148_131279812.jpg		train	brandenburg
22632120_2612608032.jpg	255.0	train	brandenburg
22689144_8063124816.jpg	256.0	train	brandenburg
23128078_9800439215.jpg	261.0	train	brandenburg
23293095_3579508156.jpg	263.0	train	brandenburg
23404467_105788059.jpg	264.0	train	brandenburg
23654873_4485733506.jpg	265.0	train	brandenburg
23758043_7190609838.jpg	267.0	train	brandenburg
23809781_3937350797.jpg	268.0	train	brandenburg
23898581_3418292777.jpg		train	brandenburg
24072578_3313430186.jpg	272.0	train	brandenburg
24120534_2710332189.jpg	273.0	train	brandenburg
24131679_5410595961.jpg	274.0	train	brandenburg
24147566_9125454768.jpg	275.0	train	brandenburg
24429125_2973680434.jpg		train	brandenburg
24431464_4389038015.jpg	279.0	train	brandenburg
24491197_4983689000.jpg	280.0	train	brandenburg
24661987_8631478970.jpg	281.0	train	brandenburg
24746606_2800544803.jpg	282.0	train	brandenburg
24838916_1516097177.jpg	283.0	train	brandenburg
24896750_5336245459.jpg	284.0	train	brandenburg
24966547_5720548954.jpg	285.0	train	brandenburg
25349305_8479391274.jpg	288.0	train	brandenburg
25354351_395580926.jpg	289.0	train	brandenburg
25378482_2036660966.jpg	291.0	train	brandenburg
25639615_9725774034.jpg	294.0	train	brandenburg
25792793_9260644872.jpg	295.0	train	brandenburg
25971618_5941569860.jpg		train	brandenburg
26041400_2627029403.jpg		train	brandenburg
26061786_6880110355.jpg	298.0	train	brandenburg
26312397_3014143994.jpg	300.0	train	brandenburg
26655336_6192911644.jpg	302.0	train	brandenburg
26848920_4765319733.jpg	304.0	train	brandenburg
26856770_3567985611.jpg	305.0	train	brandenburg
26967595_8136197169.jpg	308.0	train	brandenburg
26970544_3644140558.jpg	309.0	train	brandenburg
27026118_3910684084.jpg	310.0	train	brandenburg
27175827_2221395482.jpg	312.0	train	brandenburg
27213056_3133287699.jpg	313.0	train	brandenburg
27496439_184314889.jpg	315.0	train	brandenburg
27591826_3727152271.jpg	317.0	train	brandenburg
27679520_326509985.jpg	318.0	train	brandenburg
27871143_1964809378.jpg	322.0	train	brandenburg
28038070_6880124871.jpg		train	brandenburg
28048887_9705734840.jpg	324.0	train	brandenburg
28221825_5139496129.jpg	326.0	train	brandenburg
28264262_1135045495.jpg	328.0	train	brandenburg
28416933_5155046009.jpg	332.0	train	brandenburg
28535267_5247601604.jpg	334.0	train	brandenburg
28591636_3359242938.jpg	335.0	train	brandenburg
28994406_237106784.jpg	337.0	train	brandenburg
29284834_94221177.jpg	339.0	train	brandenburg
29877554_3225783747.jpg	343.0	train	brandenburg
30059652_3428425988.jpg	345.0	train	brandenburg
30311848_2884542855.jpg	347.0	train	brandenburg
30331971_8549387056.jpg	348.0	train	brandenburg
30496019_3709943269.jpg	349.0	train	brandenburg
30561405_2099298684.jpg	350.0	train	brandenburg
30627482_2997456978.jpg	351.0	train	brandenburg
30878446_4665316095.jpg	354.0	train	brandenburg
31057084_3577644495.jpg	355.0	train	brandenburg
31103275_3427070289.jpg		train	brandenburg
31114243_1250317555.jpg	357.0	train	brandenburg
31319791_2941503592.jpg	358.0	train	brandenburg
31459877_1563870982.jpg	359.0	train	brandenburg
31464383_1528913803.jpg	360.0	train	brandenburg
31573265_3800616763.jpg	362.0	train	brandenburg
31638320_5722213561.jpg	363.0	train	brandenburg
32045818_11092504485.jpg	364.0	train	brandenburg
32361583_3309302022.jpg	367.0	train	brandenburg
32366129_9883828985.jpg	368.0	train	brandenburg
33115046_5083480634.jpg	370.0	train	brandenburg
33188821_422624704.jpg	371.0	train	brandenburg
33309506_3455593447.jpg	373.0	train	brandenburg
33482872_9106131721.jpg	376.0	train	brandenburg
33538720_2216126031.jpg	378.0	train	brandenburg
33797050_227462369.jpg	379.0	train	brandenburg
34442820_10865898194.jpg	382.0	train	brandenburg
34479897_11734226006.jpg		train	brandenburg
34489210_2569522378.jpg		train	brandenburg
34695534_2595429960.jpg	387.0	train	brandenburg
35092394_11796010355.jpg	389.0	train	brandenburg
35200934_73110776.jpg	391.0	train	brandenburg
35223551_2600490559.jpg		train	brandenburg
35278875_1673880311.jpg	393.0	train	brandenburg
35313770_2887393666.jpg	394.0	train	brandenburg
35540671_1496009382.jpg	395.0	train	brandenburg
35646670_3822727864.jpg	397.0	train	brandenburg
35681264_2092944625.jpg		train	brandenburg
35708130_128081888.jpg	399.0	train	brandenburg
35787481_5214817506.jpg	400.0	train	brandenburg
36375965_3976446945.jpg	405.0	train	brandenburg
36534295_9181492655.jpg		train	brandenburg
36555276_225381350.jpg		train	brandenburg
36562049_10927428773.jpg		train	brandenburg
36865371_5604964315.jpg	414.0	train	brandenburg
36884154_4646032708.jpg	415.0	train	brandenburg
36905920_9819185766.jpg	416.0	train	brandenburg
36961311_4472834496.jpg	417.0	train	brandenburg
37209818_7325320236.jpg	420.0	train	brandenburg
37403694_5070563509.jpg	423.0	train	brandenburg
37426987_2516472256.jpg	424.0	train	brandenburg
37561564_5300592372.jpg	425.0	train	brandenburg
37736613_2297115066.jpg	427.0	train	brandenburg
37836697_765012344.jpg	428.0	train	brandenburg
38050442_8184868664.jpg	429.0	train	brandenburg
38174318_3152558784.jpg	431.0	train	brandenburg
38208385_2158384939.jpg	433.0	train	brandenburg
38229099_9716400346.jpg	434.0	train	brandenburg
38480762_4900311641.jpg	436.0	train	brandenburg
38513453_11699469556.jpg		train	brandenburg
38515369_9471591736.jpg	439.0	train	brandenburg
38600512_2168650655.jpg	442.0	train	brandenburg
38812397_2891913420.jpg	443.0	train	brandenburg
38891238_3944459389.jpg	444.0	train	brandenburg
39033611_3753882687.jpg		train	brandenburg
39378930_3680148804.jpg		train	brandenburg
39443411_12694655325.jpg	449.0	train	brandenburg
39489104_9260629590.jpg	450.0	train	brandenburg
39658358_2981688579.jpg	451.0	train	brandenburg
39658653_3452362584.jpg	452.0	train	brandenburg
39794433_9123745972.jpg	453.0	train	brandenburg
39957650_8631498078.jpg	455.0	train	brandenburg
40084434_3858617363.jpg	456.0	train	brandenburg
40174951_3754819406.jpg	457.0	train	brandenburg
40259335_280031468.jpg		train	brandenburg
40276908_3667167793.jpg	459.0	train	brandenburg
40314377_2911911250.jpg	462.0	train	brandenburg
40391898_9454631.jpg	463.0	train	brandenburg
40491406_7568803442.jpg	465.0	train	brandenburg
40627862_5767817175.jpg	466.0	train	brandenburg
40689872_4619205923.jpg	467.0	train	brandenburg
40983428_1134385064.jpg	468.0	train	brandenburg
41281439_107755179.jpg	470.0	train	brandenburg
41319738_4650903778.jpg	472.0	train	brandenburg
41559656_9236243274.jpg	474.0	train	brandenburg
41591413_9121624411.jpg	475.0	train	brandenburg
41591717_7021947231.jpg	476.0	train	brandenburg
41647208_4514968497.jpg	477.0	train	brandenburg
41898801_14066280653.jpg	479.0	train	brandenburg
41951369_2362913551.jpg	481.0	train	brandenburg
42566724_8636139040.jpg	486.0	train	brandenburg
42588905_2570196373.jpg	487.0	train	brandenburg
42685241_8872549122.jpg	488.0	train	brandenburg
42723789_7775854318.jpg	489.0	train	brandenburg
42848133_269414958.jpg	490.0	train	brandenburg
43293284_7738823226.jpg	493.0	train	brandenburg
43542978_856958363.jpg	494.0	train	brandenburg
43929418_4177129462.jpg	497.0	train	brandenburg
43938396_3998980236.jpg	498.0	train	brandenburg
43959267_2997124172.jpg		train	brandenburg
43977986_7457423246.jpg	500.0	train	brandenburg
44521507_4909826645.jpg	504.0	train	brandenburg
44563233_3774975863.jpg	505.0	train	brandenburg
44738307_3101550580.jpg	506.0	train	brandenburg
44764427_5773570512.jpg	507.0	train	brandenburg
44883739_4514141521.jpg	508.0	train	brandenburg
45032875_5439368774.jpg	509.0	train	brandenburg
45568703_5366183851.jpg	512.0	train	brandenburg
45700289_2911064879.jpg	513.0	train	brandenburg
45716248_2970562244.jpg	514.0	train	brandenburg
45901363_3599661169.jpg	518.0	train	brandenburg
45904560_1481586730.jpg	519.0	train	brandenburg
46289116_2353199691.jpg	522.0	train	brandenburg
46458213_246428717.jpg	523.0	train	brandenburg
46473732_39742556.jpg	524.0	train	brandenburg
46475657_2787256278.jpg	525.0	train	brandenburg
46519782_6113863037.jpg	526.0	train	brandenburg
46537686_1393820156.jpg	527.0	train	brandenburg
46573088_158238237.jpg	528.0	train	brandenburg
46746381_4323932796.jpg	530.0	train	brandenburg
46753603_6308893405.jpg	531.0	train	brandenburg
46810427_8972366221.jpg	532.0	train	brandenburg
46864195_2723640079.jpg	534.0	train	brandenburg
47042487_3641229825.jpg	535.0	train	brandenburg
47139316_10936311456.jpg		train	brandenburg
47154972_4271053463.jpg		train	brandenburg
47157250_8166731384.jpg	538.0	train	brandenburg
47405748_345277775.jpg	540.0	train	brandenburg
47510282_2492277573.jpg	541.0	train	brandenburg
47563171_3309300336.jpg	543.0	train	brandenburg
47566244_4107974409.jpg	544.0	train	brandenburg
47581589_6349220552.jpg	545.0	train	brandenburg
47667962_1429191354.jpg		train	brandenburg
47925003_4500381367.jpg		train	brandenburg
48127186_5425905321.jpg	551.0	train	brandenburg
48602879_6669700223.jpg	556.0	train	brandenburg
48725764_2692575242.jpg	557.0	train	brandenburg
48758953_2973859391.jpg		train	brandenburg
48881630_6195994710.jpg	559.0	train	brandenburg
48892936_7371461758.jpg	560.0	train	brandenburg
48901960_6330124139.jpg	561.0	train	brandenburg
48936125_8192169519.jpg	562.0	train	brandenburg
49325118_2768773629.jpg	563.0	train	brandenburg
49567172_4219673739.jpg	566.0	train	brandenburg
49659818_12133076156.jpg	567.0	train	brandenburg
49673809_2919350276.jpg	568.0	train	brandenburg
49958089_168709121.jpg		train	brandenburg
50607370_12607638855.jpg	577.0	train	brandenburg
50693339_6197072185.jpg	579.0	train	brandenburg
50972412_5214222441.jpg	582.0	train	brandenburg
51072055_8973598372.jpg	583.0	train	brandenburg
51142597_7670133934.jpg	584.0	train	brandenburg
51373051_138641434.jpg		train	brandenburg
51377136_2887443500.jpg	588.0	train	brandenburg
51610691_5015173971.jpg	591.0	train	brandenburg
51632454_6976202873.jpg	592.0	train	brandenburg
51846360_3107416213.jpg	593.0	train	brandenburg
52298775_3945040456.jpg	597.0	train	brandenburg
52400110_9257834239.jpg	599.0	train	brandenburg
52496231_8024929270.jpg	601.0	train	brandenburg
52539189_8916365305.jpg	602.0	train	brandenburg
52630012_12435805525.jpg	606.0	train	brandenburg
52637570_4704593063.jpg	607.0	train	brandenburg
52646704_8065312656.jpg	608.0	train	brandenburg
52700038_875812945.jpg	609.0	train	brandenburg
53208747_4264002612.jpg	612.0	train	brandenburg
53214399_430279827.jpg	613.0	train	brandenburg
53408345_8036520350.jpg		train	brandenburg
53543924_286554986.jpg	619.0	train	brandenburg
53684739_4140309451.jpg	620.0	train	brandenburg
53856346_2066614418.jpg	622.0	train	brandenburg
53954194_2669776886.jpg	623.0	train	brandenburg
54233019_1901167706.jpg	626.0	train	brandenburg
54566619_7723106684.jpg	627.0	train	brandenburg
54654731_9421051556.jpg	628.0	train	brandenburg
54744886_13665893353.jpg	630.0	train	brandenburg
54870639_2216920778.jpg	632.0	train	brandenburg
55173965_4252121546.jpg	635.0	train	brandenburg
55255156_8911548609.jpg		train	brandenburg
55317416_2406888101.jpg	637.0	train	brandenburg
55404600_3170319315.jpg	639.0	train	brandenburg
55529039_8972418439.jpg	640.0	train	brandenburg
55938008_2352069918.jpg	642.0	train	brandenburg
56078266_4086845418.jpg	645.0	train	brandenburg
56428360_2354581851.jpg	648.0	train	brandenburg
56451481_4493793007.jpg	649.0	train	brandenburg
56470167_2217965889.jpg		train	brandenburg
56499896_148285602.jpg	651.0	train	brandenburg
56536630_1876888524.jpg	652.0	train	brandenburg
56552671_4728880592.jpg	653.0	train	brandenburg
56615734_145640170.jpg	654.0	train	brandenburg
56655724_4163623494.jpg	655.0	train	brandenburg
56673487_155456762.jpg		train	brandenburg
56892241_191138258.jpg		train	brandenburg
57095103_8630359921.jpg	660.0	train	brandenburg
57512136_5454767960.jpg	662.0	train	brandenburg
57551562_10319395394.jpg	663.0	train	brandenburg
57565016_2782474732.jpg	664.0	train	brandenburg
57612583_2898453889.jpg	665.0	train	brandenburg
57737375_1216924786.jpg	667.0	train	brandenburg
57954826_4317930579.jpg	668.0	train	brandenburg
58030695_201307231.jpg	669.0	train	brandenburg
58243759_8728511485.jpg	671.0	train	brandenburg
58868675_792538128.jpg	675.0	train	brandenburg
58869868_2083850966.jpg	676.0	train	brandenburg
58911714_76185971.jpg	677.0	train	brandenburg
59062671_24655385.jpg	679.0	train	brandenburg
59069270_277937170.jpg	680.0	train	brandenburg
59167933_12599330515.jpg	681.0	train	brandenburg
59225698_5908834267.jpg	682.0	train	brandenburg
59311169_8993668355.jpg	683.0	train	brandenburg
59411052_548704309.jpg	684.0	train	brandenburg
59528798_2163981805.jpg	685.0	train	brandenburg
59713287_6809504619.jpg	687.0	train	brandenburg
59798305_365097267.jpg	688.0	train	brandenburg
59826471_8014732885.jpg	689.0	train	brandenburg
59869733_4041190569.jpg	690.0	train	brandenburg
60052444_281239788.jpg	693.0	train	brandenburg
60073534_5307652197.jpg	694.0	train	brandenburg
60110645_228039409.jpg	695.0	train	brandenburg
60200761_3741875737.jpg	696.0	train	brandenburg
60240609_7333978098.jpg	697.0	train	brandenburg
60473547_4365702274.jpg	699.0	train	brandenburg
60553649_2254779884.jpg	700.0	train	brandenburg
60563802_3428072376.jpg		train	brandenburg
60618424_1698775266.jpg	702.0	train	brandenburg
60691378_320372293.jpg		train	brandenburg
60732645_2978928712.jpg	705.0	train	brandenburg
60770994_853214983.jpg	706.0	train	brandenburg
60824110_1469539304.jpg	707.0	train	brandenburg
60841688_8298465546.jpg	708.0	train	brandenburg
60853708_3271891046.jpg	709.0	train	brandenburg
60863296_2846812457.jpg	710.0	train	brandenburg
61035827_6689080705.jpg	713.0	train	brandenburg
61181434_13329376143.jpg	715.0	train	brandenburg
61219148_3568962714.jpg	716.0	train	brandenburg
61255752_2703258889.jpg	718.0	train	brandenburg
61343460_5934974261.jpg	719.0	train	brandenburg
61353512_2515642521.jpg	720.0	train	brandenburg
61430466_2273398088.jpg	721.0	train	brandenburg
61526055_11715404426.jpg	722.0	train	brandenburg
61551557_3066270889.jpg	724.0	train	brandenburg
61556262_11417144186.jpg	725.0	train	brandenburg
61674244_2363745902.jpg	727.0	train	brandenburg
61681280_682380222.jpg	728.0	train	brandenburg
61697254_2523835209.jpg	729.0	train	brandenburg
61724115_6880124645.jpg	730.0	train	brandenburg
61844276_6242619962.jpg	733.0	train	brandenburg
61943467_4601949235.jpg	737.0	train	brandenburg
62033370_6957321014.jpg	738.0	train	brandenburg
62047098_4593014976.jpg	739.0	train	brandenburg
62309736_5458999853.jpg	743.0	train	brandenburg
62491248_4610291618.jpg	744.0	train	brandenburg
62559633_3444342776.jpg	745.0	train	brandenburg
62624541_6880115023.jpg	746.0	train	brandenburg
62661350_182339698.jpg	747.0	train	brandenburg
62979913_5924698293.jpg	748.0	train	brandenburg
63105952_6880109843.jpg	750.0	train	brandenburg
63232443_8242267578.jpg	753.0	train	brandenburg
63260757_9123850932.jpg		train	brandenburg
63338063_2848358386.jpg	755.0	train	brandenburg
63458472_3000894448.jpg	756.0	train	brandenburg
63556787_2025700334.jpg	758.0	train	brandenburg
63566481_6446510247.jpg	759.0	train	brandenburg
63571765_427154679.jpg	760.0	train	brandenburg
64225772_1562207612.jpg	762.0	train	brandenburg
64235350_7314662890.jpg		train	brandenburg
64259414_6696538761.jpg	764.0	train	brandenburg
64598640_1134370158.jpg	765.0	train	brandenburg
64706100_5610611317.jpg	767.0	train	brandenburg
64721245_2188160810.jpg		train	brandenburg
64779861_850978851.jpg		train	brandenburg
64815233_8544724036.jpg	770.0	train	brandenburg
64862072_2996610033.jpg	772.0	train	brandenburg
65034666_6880114225.jpg	773.0	train	brandenburg
65096159_2053816272.jpg	774.0	train	brandenburg
65128211_1900926684.jpg		train	brandenburg
65235481_5082884383.jpg		train	brandenburg
65277883_5274405422.jpg	777.0	train	brandenburg
65376727_9112070372.jpg	779.0	train	brandenburg
65507315_4401239329.jpg	782.0	train	brandenburg
65513932_6880125705.jpg	783.0	train	brandenburg
65593803_7168341735.jpg	785.0	train	brandenburg
65622229_2886609319.jpg	786.0	train	brandenburg
65622590_2732702365.jpg	787.0	train	brandenburg
65658457_9121526675.jpg	788.0	train	brandenburg
65673785_10076250894.jpg	789.0	train	brandenburg
65707480_4135176195.jpg	790.0	train	brandenburg
65730463_3000061337.jpg	791.0	train	brandenburg
65767736_24655384.jpg	793.0	train	brandenburg
65794704_1761397198.jpg	795.0	train	brandenburg
65916642_9981106186.jpg	797.0	train	brandenburg
65982184_2051331958.jpg	798.0	train	brandenburg
66206718_365096795.jpg	799.0	train	brandenburg
66269312_2364732234.jpg	800.0	train	brandenburg
66283604_3172930925.jpg	801.0	train	brandenburg
66531492_8648763289.jpg	803.0	train	brandenburg
66600653_3568159209.jpg		train	brandenburg
66631662_135912332.jpg	807.0	train	brandenburg
66720928_3418295149.jpg	809.0	train	brandenburg
66724307_2025731489.jpg	810.0	train	brandenburg
67030648_9121625795.jpg	812.0	train	brandenburg
67080033_7235561554.jpg	814.0	train	brandenburg
67106639_2024906833.jpg	815.0	train	brandenburg
67187884_3799133702.jpg	817.0	train	brandenburg
67266149_8114963267.jpg	818.0	train	brandenburg
67351124_1170879342.jpg	819.0	train	brandenburg
67480034_8136356419.jpg	820.0	train	brandenburg
67494650_6905234882.jpg	821.0	train	brandenburg
67538178_857813536.jpg	822.0	train	brandenburg
67542908_5075451416.jpg	823.0	train	brandenburg
67589210_4870499223.jpg	825.0	train	brandenburg
67619916_6106015382.jpg	826.0	train	brandenburg
67814984_5083477916.jpg	827.0	train	brandenburg
67856894_6901877677.jpg	829.0	train	brandenburg
67906139_2062972416.jpg	830.0	train	brandenburg
67975654_219272213.jpg	831.0	train	brandenburg
68042989_8136372422.jpg	832.0	train	brandenburg
68072431_201740894.jpg	833.0	train	brandenburg
68122503_5083478858.jpg	835.0	train	brandenburg
68143057_6880110091.jpg	836.0	train	brandenburg
68260381_9485873768.jpg	838.0	train	brandenburg
68501281_3582727475.jpg	840.0	train	brandenburg
68505727_8014737392.jpg	841.0	train	brandenburg
68654107_4125283990.jpg		train	brandenburg
68654335_2476618452.jpg	843.0	train	brandenburg
68695729_4619798330.jpg	844.0	train	brandenburg
68705544_215056963.jpg	846.0	train	brandenburg
68713697_3822730864.jpg	847.0	train	brandenburg
68785884_7333978918.jpg	849.0	train	brandenburg
68861283_5553173425.jpg	850.0	train	brandenburg
68874417_4159984856.jpg	851.0	train	brandenburg
68956605_2886561825.jpg	852.0	train	brandenburg
69056636_3741876483.jpg	854.0	train	brandenburg
69093391_313705814.jpg	855.0	train	brandenburg
69422198_9121534257.jpg	857.0	train	brandenburg
69512364_2911910898.jpg	859.0	train	brandenburg
69582637_6068650246.jpg	861.0	train	brandenburg
69892116_4402003494.jpg	862.0	train	brandenburg
69912770_5813027361.jpg	863.0	train	brandenburg
69965985_2996288437.jpg	864.0	train	brandenburg
70243149_3373521286.jpg	868.0	train	brandenburg
70343879_243743607.jpg	870.0	train	brandenburg
70441865_6880124143.jpg	872.0	train	brandenburg
70456972_2887394048.jpg	873.0	train	brandenburg
70622115_4602559312.jpg	875.0	train	brandenburg
70711323_1144426174.jpg	876.0	train	brandenburg
70714847_7062225869.jpg	877.0	train	brandenburg
70881133_6880120253.jpg	878.0	train	brandenburg
70890548_1347614860.jpg	879.0	train	brandenburg
70898983_6880124365.jpg	880.0	train	brandenburg
71013027_2024885513.jpg		train	brandenburg
71016692_2997116010.jpg		train	brandenburg
71033172_8108767503.jpg		train	brandenburg
71054943_4010158610.jpg	884.0	train	brandenburg
71069991_217448351.jpg	885.0	train	brandenburg
71112393_8657918467.jpg	886.0	train	brandenburg
71126779_72499173.jpg	887.0	train	brandenburg
71195140_5175453676.jpg		train	brandenburg
71210930_8368609525.jpg		train	brandenburg
71296695_4364957841.jpg	892.0	train	brandenburg
72009312_6880110653.jpg	895.0	train	brandenburg
72043215_5083481624.jpg	896.0	train	brandenburg
72091016_7981353128.jpg	897.0	train	brandenburg
72124445_1515477052.jpg	898.0	train	brandenburg
72162085_7520286914.jpg	899.0	train	brandenburg
72212867_9121625119.jpg	900.0	train	brandenburg
72849759_9123751284.jpg	906.0	train	brandenburg
73035237_2681948654.jpg		train	brandenburg
73131946_5967189750.jpg	910.0	train	brandenburg
73188193_6880123101.jpg	911.0	train	brandenburg
73264037_6035471981.jpg	913.0	train	brandenburg
73325199_338612344.jpg	915.0	train	brandenburg
73484770_2397292708.jpg		train	brandenburg
73530583_8505405240.jpg	917.0	train	brandenburg
73624815_9109841191.jpg	919.0	train	brandenburg
74207879_5982748986.jpg	922.0	train	brandenburg
74238536_9123746598.jpg	923.0	train	brandenburg
74576406_1433639911.jpg	926.0	train	brandenburg
74616849_13891295722.jpg	927.0	train	brandenburg
74693709_1265566280.jpg	928.0	train	brandenburg
74821752_8435625210.jpg	930.0	train	brandenburg
74852535_189159122.jpg	931.0	train	brandenburg
74855173_5553430125.jpg	932.0	train	brandenburg
74890787_3821919369.jpg	933.0	train	brandenburg
74972815_6880126377.jpg	934.0	train	brandenburg
75009387_279305843.jpg	935.0	train	brandenburg
75037828_1434507967.jpg	936.0	train	brandenburg
75120046_3428058096.jpg		train	brandenburg
75164951_7662201904.jpg	939.0	train	brandenburg
75254171_2415653185.jpg	940.0	train	brandenburg
75258906_4626562354.jpg	941.0	train	brandenburg
75264099_6758421165.jpg	942.0	train	brandenburg
75346273_325288797.jpg	944.0	train	brandenburg
75425068_9123748468.jpg	945.0	train	brandenburg
75577600_313705813.jpg	946.0	train	brandenburg
75642699_1141008993.jpg	948.0	train	brandenburg
75652320_9380574684.jpg	949.0	train	brandenburg
75684894_6880111033.jpg	950.0	train	brandenburg
75802602_6223875061.jpg		train	brandenburg
75856136_8729081709.jpg	952.0	train	brandenburg
75928233_4348639613.jpg	953.0	train	brandenburg
75934383_2887443132.jpg	954.0	train	brandenburg
75955019_4927490307.jpg	955.0	train	brandenburg
76041859_6025111497.jpg	956.0	train	brandenburg
76074758_5553171479.jpg	957.0	train	brandenburg
76144572_5654283700.jpg	959.0	train	brandenburg
76177997_2293073399.jpg	961.0	train	brandenburg
76229196_4093896094.jpg	962.0	train	brandenburg
76577092_6779376230.jpg	964.0	train	brandenburg
76588605_6880115857.jpg	965.0	train	brandenburg
76602992_5007474555.jpg	966.0	train	brandenburg
76753635_2621592384.jpg	967.0	train	brandenburg
76792235_6880112685.jpg	968.0	train	brandenburg
76816857_4228162850.jpg	969.0	train	brandenburg
76817164_598984193.jpg	970.0	train	brandenburg
76879175_4725301545.jpg		train	brandenburg
77174563_5012249156.jpg		train	brandenburg
77197733_5376732882.jpg	976.0	train	brandenburg
77244015_9674834.jpg	977.0	train	brandenburg
77275846_3846561152.jpg	979.0	train	brandenburg
77441477_6880121837.jpg	980.0	train	brandenburg
77463886_6880109515.jpg	981.0	train	brandenburg
77475468_4135175833.jpg		train	brandenburg
77495133_2091260914.jpg		train	brandenburg
77836940_7582940042.jpg	985.0	train	brandenburg
77883580_3821923525.jpg	987.0	train	brandenburg
78063907_2771662631.jpg	988.0	train	brandenburg
78111066_4508624889.jpg	989.0	train	brandenburg
78207832_3402186687.jpg	991.0	train	brandenburg
78208049_161954047.jpg		train	brandenburg
78231237_9320287403.jpg	994.0	train	brandenburg
78289288_3428068982.jpg	995.0	train	brandenburg
78329459_8088722344.jpg		train	brandenburg
78488840_4159986924.jpg		train	brandenburg
78601757_6062197679.jpg		train	brandenburg
78611241_133942103.jpg	1000.0	train	brandenburg
78700123_9123747990.jpg	1001.0	train	brandenburg
78740460_7898165024.jpg	1002.0	train	brandenburg
78762094_501186144.jpg	1003.0	train	brandenburg
78774057_2083332385.jpg	1004.0	train	brandenburg
79051227_3742668202.jpg	1008.0	train	brandenburg
79065474_8103263530.jpg	1009.0	train	brandenburg
79167472_5876853278.jpg	1012.0	train	brandenburg
79202066_6880113967.jpg	1014.0	train	brandenburg
79268699_4704225830.jpg		train	brandenburg
79331511_8180151020.jpg	1016.0	train	brandenburg
79505347_511190870.jpg	1017.0	train	brandenburg
79707218_6954225965.jpg	1019.0	train	brandenburg
79772920_6916144072.jpg	1020.0	train	brandenburg
79947811_368849327.jpg	1022.0	train	brandenburg
80013932_2887392628.jpg	1024.0	train	brandenburg
80054423_4889966849.jpg	1025.0	train	brandenburg
80069643_2701846040.jpg		train	brandenburg
80116231_6025655620.jpg	1029.0	train	brandenburg
80142447_1434506947.jpg	1030.0	train	brandenburg
80435301_3568155965.jpg	1032.0	train	brandenburg
80460739_5924637395.jpg	1033.0	train	brandenburg
80636498_19790729.jpg		train	brandenburg
80829565_3481572892.jpg	1036.0	train	brandenburg
80838092_2172776335.jpg	1037.0	train	brandenburg
81107128_3649143756.jpg	1040.0	train	brandenburg
81263591_6368211997.jpg	1042.0	train	brandenburg
81377794_391516026.jpg	1043.0	train	brandenburg
81782726_4879305495.jpg	1046.0	train	brandenburg
81816836_4141772878.jpg	1047.0	train	brandenburg
81865574_8435624822.jpg	1049.0	train	brandenburg
81893234_7163443084.jpg	1050.0	train	brandenburg
81922030_3066271761.jpg	1051.0	train	brandenburg
81954406_8424691258.jpg	1052.0	train	brandenburg
81970114_6992831790.jpg	1053.0	train	brandenburg
82054345_9123751646.jpg	1054.0	train	brandenburg
82089809_2789175595.jpg	1055.0	train	brandenburg
82098331_279783989.jpg	1056.0	train	brandenburg
82127652_2884030785.jpg	1057.0	train	brandenburg
82182437_6880118093.jpg	1058.0	train	brandenburg
82440254_2941504396.jpg	1059.0	train	brandenburg
82568586_4485087375.jpg	1061.0	train	brandenburg
82588461_6880122441.jpg	1062.0	train	brandenburg
82618295_1916872032.jpg	1063.0	train	brandenburg
82631568_764153041.jpg	1064.0	train	brandenburg
82726740_11714996934.jpg	1065.0	train	brandenburg
82730335_8521857915.jpg	1066.0	train	brandenburg
82787482_6880113303.jpg	1067.0	train	brandenburg
82795354_2835662202.jpg	1068.0	train	brandenburg
82854571_2193910676.jpg	1070.0	train	brandenburg
82920480_8643140227.jpg	1073.0	train	brandenburg
82979608_7624874030.jpg	1074.0	train	brandenburg
83010293_2424527073.jpg	1075.0	train	brandenburg
83188673_391017899.jpg		train	brandenburg
83279002_2118738460.jpg	1078.0	train	brandenburg
83389206_6880125371.jpg	1079.0	train	brandenburg
83454967_33408611.jpg	1080.0	train	brandenburg
83479274_6880120867.jpg	1081.0	train	brandenburg
83486060_5619661576.jpg	1082.0	train	brandenburg
83537486_2406578115.jpg		train	brandenburg
83733554_152275651.jpg	1087.0	train	brandenburg
84022617_5537032004.jpg	1089.0	train	brandenburg
84139330_2334189306.jpg	1092.0	train	brandenburg
84378937_2840191617.jpg	1095.0	train	brandenburg
84401198_364742460.jpg	1096.0	train	brandenburg
84509793_2887395808.jpg	1098.0	train	brandenburg
84597138_5682575023.jpg	1099.0	train	brandenburg
84608191_3547256034.jpg	1100.0	train	brandenburg
84638678_2025202609.jpg	1101.0	train	brandenburg
84658565_764154111.jpg	1102.0	train	brandenburg
84682504_4853327808.jpg	1103.0	train	brandenburg
84805358_4163596824.jpg	1105.0	train	brandenburg
84861017_2788047068.jpg	1106.0	train	brandenburg
84903595_133942193.jpg	1107.0	train	brandenburg
84930472_2757260060.jpg		train	brandenburg
84930732_250229702.jpg	1109.0	train	brandenburg
84957393_2835866418.jpg	1110.0	train	brandenburg
84976782_2733554986.jpg	1111.0	train	brandenburg
85020120_2764085910.jpg		train	brandenburg
85206478_3822732566.jpg	1117.0	train	brandenburg
85386984_3990647856.jpg	1118.0	train	brandenburg
85452609_513584597.jpg		train	brandenburg
85561543_5074850795.jpg	1121.0	train	brandenburg
85572957_6053497857.jpg	1122.0	train	brandenburg
85723771_318662650.jpg	1123.0	train	brandenburg
86150157_5960744578.jpg	1124.0	train	brandenburg
86174056_2966107265.jpg	1125.0	train	brandenburg
86423358_5727122367.jpg	1126.0	train	brandenburg
86426310_3182152515.jpg	1127.0	train	brandenburg
86612368_261439.jpg	1128.0	train	brandenburg
87001472_5875579191.jpg	1131.0	train	brandenburg
87315572_37762236.jpg		train	brandenburg
87340767_6402880431.jpg	1134.0	train	brandenburg
87352720_3821935063.jpg	1135.0	train	brandenburg
87430491_2333363265.jpg	1136.0	train	brandenburg
87478389_4866650624.jpg	1138.0	train	brandenburg
87660901_2984195262.jpg	1139.0	train	brandenburg
87674432_2764086390.jpg		train	brandenburg
87766072_8470485577.jpg	1141.0	train	brandenburg
87792850_3336756640.jpg		train	brandenburg
87880165_6062199757.jpg	1144.0	train	brandenburg
88065237_359434364.jpg	1145.0	train	brandenburg
88113256_3990647614.jpg	1146.0	train	brandenburg
88299520_11714780003.jpg	1148.0	train	brandenburg
88324992_91018869.jpg	1151.0	train	brandenburg
88404953_2320172513.jpg	1152.0	train	brandenburg
88502517_1468684837.jpg	1153.0	train	brandenburg
88518758_511214139.jpg	1154.0	train	brandenburg
88583861_7012338849.jpg	1156.0	train	brandenburg
88737873_37761955.jpg	1160.0	train	brandenburg
88787237_6125957486.jpg	1162.0	train	brandenburg
89030124_4759098925.jpg	1168.0	train	brandenburg
89074075_3000898340.jpg	1169.0	train	brandenburg
89135166_9919051234.jpg	1171.0	train	brandenburg
89271890_31347159.jpg		train	brandenburg
89274779_2983340497.jpg	1174.0	train	brandenburg
89312297_3845128120.jpg	1175.0	train	brandenburg
89338893_133942026.jpg	1179.0	train	brandenburg
89384904_1354670585.jpg	1181.0	train	brandenburg
89436585_2728666510.jpg	1182.0	train	brandenburg
89499924_393799966.jpg	1183.0	train	brandenburg
89613181_9215962490.jpg	1184.0	train	brandenburg
89732897_7727000346.jpg	1185.0	train	brandenburg
89874167_2476612260.jpg	1186.0	train	brandenburg
89882048_11699079004.jpg	1187.0	train	brandenburg
90024880_2349566175.jpg	1189.0	train	brandenburg
90035333_146442400.jpg	1190.0	train	brandenburg
90135423_286554388.jpg	1193.0	train	brandenburg
90142764_8281118641.jpg	1194.0	train	brandenburg
90153386_8180157488.jpg	1196.0	train	brandenburg
90324692_380751054.jpg	1199.0	train	brandenburg
90361750_378714954.jpg	1200.0	train	brandenburg
90605458_12522308293.jpg	1204.0	train	brandenburg
90709010_4157922530.jpg	1206.0	train	brandenburg
90725614_1698690064.jpg	1207.0	train	brandenburg
90920828_5082887495.jpg	1210.0	train	brandenburg
91140510_3067113534.jpg	1212.0	train	brandenburg
91264785_3456941998.jpg	1215.0	train	brandenburg
91396176_3956006672.jpg	1218.0	train	brandenburg
91403445_5629387028.jpg	1219.0	train	brandenburg
91608364_6925543441.jpg	1221.0	train	brandenburg
91847193_2037422488.jpg	1224.0	train	brandenburg
92103356_2186515447.jpg	1226.0	train	brandenburg
92110230_6184758265.jpg	1227.0	train	brandenburg
92253356_531455374.jpg	1228.0	train	brandenburg
92436224_5927931378.jpg	1230.0	train	brandenburg
92454011_310584686.jpg	1231.0	train	brandenburg
92549196_8482656061.jpg	1233.0	train	brandenburg
92899955_6880113697.jpg	1242.0	train	brandenburg
92983434_10103539355.jpg	1243.0	train	brandenburg
93189183_3521606579.jpg		train	brandenburg
93502109_1929574155.jpg		train	brandenburg
93505867_8891475944.jpg	1250.0	train	brandenburg
93821307_8014739961.jpg	1251.0	train	brandenburg
93825859_3427244363.jpg	1252.0	train	brandenburg
93832418_2084262802.jpg	1253.0	train	brandenburg
93861282_4866646218.jpg	1254.0	train	brandenburg
94019217_1275253123.jpg	1255.0	train	brandenburg
94019259_3428070712.jpg	1256.0	train	brandenburg
94029235_930442362.jpg	1257.0	train	brandenburg
94045317_3752214176.jpg	1258.0	train	brandenburg
94139743_155513383.jpg	1260.0	train	brandenburg
94165066_2997119584.jpg	1261.0	train	brandenburg
94237992_12003359.jpg	1263.0	train	brandenburg
94263035_396929483.jpg	1264.0	train	brandenburg
94461126_6880115327.jpg	1267.0	train	brandenburg
94462589_3428084912.jpg	1268.0	train	brandenburg
94597491_3848863160.jpg	1270.0	train	brandenburg
94705756_8287580276.jpg	1271.0	train	brandenburg
94812665_4485700894.jpg	1272.0	train	brandenburg
95048461_7775852580.jpg	1277.0	train	brandenburg
95215027_2335003350.jpg	1278.0	train	brandenburg
95275228_6273075835.jpg	1279.0	train	brandenburg
95279178_7056605343.jpg	1280.0	train	brandenburg
95293676_2886557053.jpg	1282.0	train	brandenburg
95335044_286554784.jpg		train	brandenburg
95353770_2887394428.jpg	1285.0	train	brandenburg
95406348_326510096.jpg		train	brandenburg
95450772_2643019453.jpg		train	brandenburg
95480181_2398666879.jpg	1288.0	train	brandenburg
95495485_7371457364.jpg	1289.0	train	brandenburg
95574799_3000895134.jpg	1290.0	train	brandenburg
95597682_5978972152.jpg	1292.0	train	brandenburg
95733753_243743733.jpg	1294.0	train	brandenburg
95850075_1570642878.jpg		train	brandenburg
95872170_338612398.jpg		train	brandenburg
95881198_6368041141.jpg	1297.0	train	brandenburg
96019742_559310350.jpg	1299.0	train	brandenburg
96070852_159305038.jpg	1300.0	train	brandenburg
96109427_2886610661.jpg	1301.0	train	brandenburg
96174448_2036661198.jpg	1302.0	train	brandenburg
96339945_3000894702.jpg	1304.0	train	brandenburg
96343789_180148567.jpg	1305.0	train	brandenburg
96368210_6880117721.jpg	1306.0	train	brandenburg
96369344_76585783.jpg	1307.0	train	brandenburg
96406314_1761395532.jpg	1308.0	train	brandenburg
96503183_3428066956.jpg	1310.0	train	brandenburg
96519477_11703946585.jpg	1311.0	train	brandenburg
96770273_5727128943.jpg	1312.0	train	brandenburg
96812926_1435378218.jpg	1313.0	train	brandenburg
96923033_3742670228.jpg	1314.0	train	brandenburg
96926097_5975420106.jpg	1315.0	train	brandenburg
97072820_1504258171.jpg	1316.0	train	brandenburg
97085946_6141521982.jpg	1317.0	train	brandenburg
97155043_6880115593.jpg	1320.0	train	brandenburg
97337840_9121521143.jpg	1323.0	train	brandenburg
97369051_6514682495.jpg		train	brandenburg
97371403_4823878472.jpg		train	brandenburg
97447642_2366334289.jpg	1329.0	train	brandenburg
97451133_278644194.jpg	1330.0	train	brandenburg
97670906_396930050.jpg		train	brandenburg
97782323_8333318230.jpg	1333.0	train	brandenburg
97849216_6880122767.jpg	1334.0	train	brandenburg
97886664_6880123541.jpg	1335.0	train	brandenburg
98007214_250229666.jpg	1336.0	train	brandenburg
98143716_5974984669.jpg	1338.0	train	brandenburg
98264333_3456123009.jpg	1340.0	train	brandenburg
98670739_6880114669.jpg	1341.0	train	brandenburg
98908871_1351887444.jpg	1344.0	train	brandenburg
98924811_3754676532.jpg		train	brandenburg
98942684_2748037643.jpg	1346.0	train	brandenburg
99002117_2965987139.jpg	1348.0	train	brandenburg
99080007_2352051954.jpg	1349.0	train	brandenburg
99250931_9123849334.jpg	1352.0	train	brandenburg
99388860_2887395078.jpg	1353.0	train	brandenburg
99451773_2694323455.jpg	1354.0	train	brandenburg
99472016_4129903114.jpg	1356.0	train	brandenburg
99597269_6141524330.jpg	1358.0	train	brandenburg
99778055_7859904484.jpg	1359.0	train	brandenburg
99790559_8115599774.jpg	1360.0	train	brandenburg
99851633_5082881231.jpg	1361.0	train	brandenburg
99933312_2768771111.jpg	1362.0	train	brandenburg
99948448_2503440660.jpg	1363.0	train	brandenburg
